Camera ID,rx,ry,rz,tx,ty,tz,fc1,fc2,pp1,pp2,kc1,kc2,kc3,kc4,kc5
1,0.2449786631268641,0.0,1.5707963267948966,200.0,0.0,0,1627,1627,1024,544,-0.2474033151961294,-0.9959563101732528,-0.1311456036253553,-0.99676559488707,0.6934313837324555
2,0.2449786631268641,0.0,2.199114857512855,161.80339887498948,117.55705045849464,0,1604,1604,1024,544,0.639366046776733,-0.5657480862520763,0.532777205563582,-0.0349925155773302,-0.6258439531746596
3,0.2449786631268641,0.0,2.827433388230814,61.80339887498949,190.2113032590307,0,1638,1638,1024,544,-0.1370349436449269,-0.76502868827632,-0.6541507071794217,0.1142174708486758,-0.2756865697615216
4,0.2449786631268641,0.0,-2.827433388230814,-61.80339887498947,190.21130325903076,0,1601,1601,1024,544,-0.4662873523180819,0.035152127866453,-0.4488356913017297,0.8548657614470834,0.8419042598508395
8,0.2449786631268641,0.0,-0.3141592653589795,-61.80339887498951,-190.2113032590307,0,1610,1610,1024,544,-0.9278011246569636,-0.8877234824512401,0.1491701879808817,0.0265945475382909,-0.4363335266067174
9,0.2449786631268641,0.0,0.3141592653589791,61.80339887498945,-190.21130325903076,0,1632,1632,1024,544,0.3204113262392154,0.6518006923590922,-0.3620410983843298,0.988476742215203,0.8523695075613815
10,0.2449786631268641,0.0,0.9424777960769376,161.80339887498943,-117.55705045849469,0,1650,1650,1024,544,-0.9568522245620296,-0.0414642093979362,-0.6785843500695234,-0.0229223842644181,-0.9058219594294894
